location_id,state,district,village,latitude,longitude,population,water_contamination_rate,fluoride_level,nitrate_level,iron_level,rainfall_7d,rainfall_normal,groundwater_stress,previous_contamination,water_tests,contaminated_tests
001,Uttarakhand,Dehradun,Village_A,30.3165,78.0322,2400,0.42,0.90,18.0,0.30,145,80,0.65,0.40,10,4
002,Uttarakhand,Dehradun,Village_B,30.2050,77.9500,1800,0.12,0.70,12.0,0.20,82,75,0.35,0.10,10,1
003,Uttarakhand,Haridwar,Village_C,29.9457,78.1642,5200,0.58,1.10,28.0,0.70,165,90,0.72,0.60,12,7
004,Uttarakhand,Haridwar,Village_D,29.8700,78.0200,3100,0.22,0.85,16.0,0.25,96,85,0.40,0.20,10,2
005,Uttarakhand,Nainital,Village_E,29.3919,79.4542,1400,0.36,0.80,21.0,0.40,130,95,0.55,0.35,10,3
006,Uttarakhand,Nainital,Village_F,29.2500,79.5500,900,0.08,0.65,10.0,0.15,70,88,0.25,0.08,10,1
007,Uttarakhand,Pauri Garhwal,Village_G,30.1500,78.7800,2100,0.67,1.20,31.0,0.80,180,100,0.82,0.70,14,9
008,Uttarakhand,Pauri Garhwal,Village_H,30.0500,78.6200,1200,0.18,0.75,14.0,0.20,105,98,0.45,0.15,10,2
009,Uttarakhand,Tehri Garhwal,Village_I,30.3800,78.4800,2800,0.49,1.00,24.0,0.50,155,92,0.68,0.55,12,6
010,Uttarakhand,Tehri Garhwal,Village_J,30.2900,78.4000,1600,0.10,0.68,11.0,0.18,75,90,0.30,0.10,10,1
011,Uttarakhand,Udham Singh Nagar,Village_K,29.0000,79.5000,6200,0.54,1.05,26.0,0.65,170,100,0.60,0.50,12,6
012,Uttarakhand,Udham Singh Nagar,Village_L,28.9300,79.7000,3500,0.25,0.82,17.0,0.30,92,95,0.38,0.20,10,2
